Datum;Quelle;Firma;Ansprechpartner;Email;Telefon;PLZ;Ort;Land;Region;Event_Typ;Status;Notiz
2026-07-05;http://holzschwanger-dorffest.de/impressum;Dorffest Holzschwang GbR;;orga@holzschwanger-dorffest.de;;89233;Neu-Ulm-Holzschwang;DE;Bayern;Vereinsfest;neu;Holzschwanger Dorffest – via Partyfürsten
2026-07-05;https://www.annafest.bayern/kontakt;Tourist-Information Forchheim (Annafest);;tourist@forchheim.de;09191 714338;91301;Forchheim;DE;Bayern;Stadtfest-Kommune;neu;Annafest Forchheim – via Würzbuam
2026-07-05;https://www.kinderzeche.de/impressum;Kinderzeche Dinkelsbühl;Maximilian Mattausch;info@kinderzeche.de;09851 589520;91550;Dinkelsbühl;DE;Bayern;Vereinsfest;neu;Kinderzeche – via Würzbuam
2026-07-05;https://www.volkach.de/;Stadt Volkach (Fränk. Weinfest);;tourismus@volkach.de;09381 40112;97332;Volkach;DE;Bayern;Stadtfest-Kommune;neu;76. Fränk. Weinfest Volkach – via Würzbuam
2026-07-05;https://partynacht-tracht.de/impressum;Musikverein Kusterdingen e.V.;Joachim Zühlke;vorstand@mv-kusterdingen.de;07071 369799;72127;Kusterdingen;DE;Baden-Württemberg;Vereinsfest;neu;Partynacht in Tracht – via Allgäu Power
2026-07-05;https://www.skylinepark.de/oktober-festival/;Allgäu Skyline Park GmbH;;service@skylinepark.de;;86871;Rammingen;DE;Bayern;Zelt-Festbetreiber;neu;Oktober Festival – via Allgäu Power
2026-07-05;https://www.kueffner-hof.de/impressum;Küffner Hof Hotel & Restaurant;Timo Schweikhardt;info@kueffner-hof.de;07946 91600;74243;Langenbrettach;DE;Baden-Württemberg;Firmenevent;neu;Partyabende mit Livebands – via Allgäu Power
2026-07-05;https://weisingen.feuerwehren.bayern/;Freiwillige Feuerwehr Weisingen;;weisingen.feuerwehr@gmail.com;09075 5923831;89438;Holzheim-Weisingen;DE;Bayern;Vereinsfest;neu;150 J. Gründungsfest – via Allgäu Power
2026-07-05;https://www.walldorf.de/impressum;Stadt Walldorf;;stadt@walldorf.de;06227 350;69190;Walldorf;DE;Baden-Württemberg;Stadtfest-Kommune;neu;125 J. Stadtrechte Festwochenende – via Barbed Wire
2026-07-05;https://www.tavernenfest.de/impressum.htm;TSV Preying (Tavernenfest);;info@tsv-preying.de;;94163;Saldenburg;DE;Bayern;Vereinsfest;neu;Tavernenfest – via Glorreiche Halunken
2026-07-05;https://pullach-feiert.de/;Festgemeinschaft Pullach feiert;Lennart Hoffmann;info@pullach-feiert.de;0176 32794057;82049;Pullach im Isartal;DE;Bayern;Vereinsfest;neu;Pullach feiert! – via Nachtstark
2026-07-05;https://www.olching.de/servicelinks/impressum;Stadt Olching;;info@olching.de;08142 2002000;82140;Olching;DE;Bayern;Stadtfest-Kommune;neu;Olchinger Volksfest – via Nachtstark
2026-07-05;https://www.gruenwalderburschen.com/impressum;Burschenverein Einigkeit Grünwald;Lukas Kaserer;vorstand@gruenwalderburschen.com;;82031;Grünwald;DE;Bayern;Vereinsfest;neu;Grünwalder Dorffest – via Nachtstark
2026-07-05;https://volksfest-schweinfurt.de/impressum/;Werbegemeinschaft Schweinfurter Volksfest e.V.;Peter Hoffmann;volksfest@schweinfurt.de;09721 513477;97421;Schweinfurt;DE;Bayern;Zelt-Festbetreiber;neu;Schweinfurter Volksfest – via Frankenkracher
2026-07-05;https://www.miehlen.de/Impressum/;Ortsgemeinde Miehlen;André Stötzer;info@miehlen.de;06772 1654;56357;Miehlen;DE;Rheinland-Pfalz/Hessen;Stadtfest-Kommune;neu;Oktobermarkt – via Frankenkracher
2026-07-05;https://www.taenzelfest.de/impressum;Tänzelfestverein e.V. Kaufbeuren;Irmgard Ernszt;info@taenzelfest.de;08341 2828;87600;Kaufbeuren;DE;Bayern;Vereinsfest;neu;Tänzelfest – via Partyböcke
2026-07-05;https://blaukittel.de/impressum;Schützengesellschaft Meinerzhagen e.V.;Karsten Decker;info@blaukittel.de;02354 13663;58540;Meinerzhagen;DE;Nordrhein-Westfalen;Vereinsfest;neu;Schützenfest – via Partyböcke
2026-07-05;https://schwabmuenchen.de/impressum/;Stadt Schwabmünchen;Lorenz Müller;rathaus@schwabmuenchen.de;08232 96330;86830;Schwabmünchen;DE;Bayern;Stadtfest-Kommune;neu;Faschingsparty Festzelt – via Partyböcke
2026-07-05;http://mv-hirrlingen.de/impressum/;Musikverein Hirrlingen e.V.;;info@mv-hirrlingen.de;07478 261143;72145;Hirrlingen;DE;Baden-Württemberg;Vereinsfest;neu;Sommerfest/Kirbe – via Dirndlknacker
2026-07-05;https://www.oktoberfest-wittlich.de/impressum/;Bungert Event GmbH (Oktoberfest Wittlich);Winfried Bungert;info@oktoberfest-wittlich.de;06571 6960;54516;Wittlich;DE;Rheinland-Pfalz/Hessen;Zelt-Festbetreiber;neu;Oktoberfest Wittlich – via Krachleder
2026-07-05;https://pfalzwiesen.de/impressum/;GATE99 GmbH (Pfalzwiesen Frankenthal);Kevin Kardol;pfalzwiesen@gate99.de;;67227;Frankenthal;DE;Rheinland-Pfalz/Hessen;Zelt-Festbetreiber;neu;Pfalzwiesen Oktoberfest – via Krachleder
2026-07-05;https://www.baechtlefest-badsaulgau.de/de/impressum;Bürgerausschuss für Heimatpflege Bad Saulgau e.V.;Christoph Rack;info@baechtlefest-badsaulgau.de;07581 207162;88348;Bad Saulgau;DE;Baden-Württemberg;Zelt-Festbetreiber;neu;Bächtlefest – via Hautnah
2026-07-05;https://www.viechtach.de/Impressum;Stadt Viechtach;Markus Jungwirth;info@viechtach.de;09942 8080;94234;Viechtach;DE;Bayern;Stadtfest-Kommune;neu;Viechtacher Bürgerfest – via Lost Eden
2026-07-05;https://www.schonach.de/impressum;Gemeinde Schonach im Schwarzwald;Jörg Frey;gemeinde@schonach.de;07722 964810;78136;Schonach;DE;Baden-Württemberg;Zelt-Festbetreiber;neu;Volksfest Schonach – via Hautnah
2026-07-05;https://www.friedrichshafen.de/impressum/;Stadtverwaltung Friedrichshafen;;stadtverwaltung@friedrichshafen.de;07541 2030;88045;Friedrichshafen;DE;Baden-Württemberg;Zelt-Festbetreiber;neu;Oktoberfest Hinterer Hafen – via Hautnah
