Rechnungssteller;RgNr;Betrag;Faellig;Box;Status;Notiz
DIE NEUE 107.7 (Radio L12);2260582;2.915,50 €;08.07.2026 (2% Skonto);event Dropbox offene ER;OFFEN;Radiokampagne Münchingen; Skonto bis 08.07 = 2.857,19; IBAN DE26600501010002082954
DIE NEUE 107.7 (Radio L12);2260584;547,40 €;08.07.2026 (2% Skonto);event Dropbox offene ER;OFFEN;Skonto bis 08.07 = 536,45; IBAN DE26600501010002082954
GEMA (x-media music GmbH);Vergleich Mitgl. 1036985;15.000,00 €;15.12.2026;n. zugeordnet (DATEV-Routing offen);OFFEN;GEMA-Vergleich Live-Sparten bis GJ2025; NOCH NICHT gegengezeichnet - erst nach GEMA-Gegenzeichnung ablegen; Wiedervorlage 01.12.2026; IBAN DE02 7004 0041 0663 3333 04 Commerzbank COBADEFFXXX; VZ Mitgliedsnummer 1036985; IBAN via OCR - vor Zahlung gegen PDF prüfen
GEMA (Dirk Wöhrle PRIVAT);Vergleich Mitgl. 1048460;15.000,00 €;15.12.2026;PRIVAT (nicht GmbH-DATEV);OFFEN;GEMA-Vergleich privat; NOCH NICHT gegengezeichnet - erst nach GEMA-Gegenzeichnung ablegen; Wiedervorlage 01.12.2026; gleiche Bankverbindung Commerzbank; VZ Mitgliedsnummer 1048460
Rechtsanwaltskanzlei Poser;2600053;3.310,29 €;sofort (Rg 02.07.2026);Rechnungseingang;OFFEN;Anwaltskosten GEMA-Verfahren (music GmbH); brutto 6.644,37 abzgl. Guthaben 3.334,08; IBAN DE94 3006 0601 0105 7507 76 BIC DAAEDEDDXXX (apoBank); VZ Rg 2600053

Mediapool Stuttgart GmbH;RE131589/1;1.071,00 €;Rg 02.07.2026 (kein Ziel angegeben);Rechnungseingang;OFFEN;3x Backline Wohnzimmerkonzert Regiment (Daniel Wöllhaf 18.06/26.06/02.07); Empfänger x-media music GmbH; netto 900 + 19% 171; IBAN DE27 6004 0071 0763 0643 00 BIC COBADEFFXXX Commerzbank; NEUER Absender - Routing erst nach Dirks OK lernen | DATEV: übergeben 04.07.2026, Zahlung offen
Mediapool Stuttgart GmbH;RE131590/1;148,75 €;Rg 02.07.2026;event Dropbox offene ER (XE offene Eingangsrechnungen);OFFEN;5 Std Lager Daniel Woellhaf (Loewenmarkt Lorch); 'x-eventec' = FRUEHERER Name der x-media event GmbH (nach Abmahnung umbenannt) -> EVENT; korrigierte Rg bei Mediapool angefordert; Ablage erst nach korrigierter Rechnung bzw. OWNER-GATE; netto 125 +19% 23,75; IBAN DE27 6004 0071 0763 0643 00 COBADEFFXXX
Salvatore Trippi;2026-005;900,00 €;18.07.2026 (14 Tage, Rg 04.07.2026);event Dropbox offene ER (XE offene Eingangsrechnungen);OFFEN - Zahlung folgt in Kürze (Dirk 05.07.);VIPS 3 Gigs Juni (Münchingen 13.06 / Finkwarder Karkmess 06.06 / Höxter 27.06); Empfänger x-media event GmbH; Kleinunternehmer (keine MwSt); IBAN DE24 6025 0010 1000 2968 99 Kreissparkasse Waiblingen; RgNr 2026-005 von Dirk als korrekt bestätigt (05.07.); liegt in Dropbox XE offene ER
